Name,Website,Address,Contact Number,Email
Global Institute of Higher Education,http://gihedoon.in/,"2nd Floor, Surya Complex Near Shimla By Pass Chowk, Saharanpur Road, Majra, Niranjanpur, Dehradun, Uttarakhand 248001, India",+91 90588 68873,infogihedoon@gmail.com
Shivalik Institute Of Education,,"Miyanwala Chowk,Near Canara Bank,P.O, Haridwar Road, Harrawala, Dehradun, Uttarakhand 248001, India",,
"Shree Dev Bhoomi Institute of Education, Science & Technology",http://sdbidoon.com/,"Village Mazhon, P.O. Poundha, Via, Prem Nagar, Dehradun, Uttarakhand 248001, India",+91 78958 00800,sdbituk@gmail.com
S.R.INSTITUTE,http://www.indiasri.com/,"Fountain Chowk, Main, Ring Rd, near Nehru Colony, opp. Gurukul School, Upper Nathanpur, Dehradun, Uttarakhand 248001, India",+91 92198 81975,srinstitutedehradun@gmail.com
Uttarakhand Institute - Maritime Academy | Best Merchant Navy Institute in Dehradun,https://uttarakhandinstitute.com/,"Chauhan Complex, C-203, near sbi bank, Vasant Vihar, Indra Nagar Colony, Dehradun, Uttarakhand 248001, India",+91 75057 66625,admission@uttarakhandinstitute.com
Shikhar Institute,,"House no. 72/52 B Pole no. 20 Akriti vihar Lane, no 12, Turner Rd, Dehradun, Uttarakhand 248002, India",,
Lal Bahadur Shastri Traning Institute,https://lalbahadurshastritraninginstitute.business.site/?utm_source=gmb&utm_medium=referral,"167-b, Tilak Nagar, Khurbura Mohalla, Dehradun, Uttarakhand 248001, India",,
Institute For Digital Education I Best Digital Marketing Institute in Dehradun | Digital Marketing Course,http://institutefordigitaleducation.com/,"109, Ansari Marg, Puran Market, Paltan Bazaar, Dehradun, Uttarakhand 248001, India",+91 89790 67056,
Jaspal Rana Institute of Education & Technology,http://jaspalrana.com/,"Vill-Mazhon, P.O. Poundha, VIA, Prem Nagar, Dehradun, Uttarakhand 248001, India",+91 94111 84180,websolutionlive@gmail.com
"GRD Institute of Management & Technology, Dehradun",http://grdedu.in/,"214, Rajpur Rd, IAS Officers Colony, Rajpur, Dehradun, Uttarakhand 248001, India",+91 1800 270 1140,info@grdedu.in
The Apex Institute for Foreign Languages,https://www.theapexinstitute.in/,"509, Vasant Vihar, Indra Nagar Colony, Dehradun, Uttarakhand 248006, India",+91 98973 05191,theapexinstituteddn@gmail.com
Institute of Technology & Management | Best BCA college,http://www.itmddn.in/,"60, Chakrata Rd, opp. Back Gate of Doon School Campus, Yamuna Colony, Connaught Place, Dehradun, Uttarakhand 248001, India",+91 70601 30567,itm@itmddn.in
HIMGIRI DIGITAL C/O NALANDA COLLEGE OF EDUCATION,,"Nalanda college MINYAWALA, Haridwar - Dehradun Rd, Dehradun, Uttarakhand 248001, India",+91 73023 56340,
FLYING EAGLES EDUCATION PVT. LTD. | Top CBSE Coach | Best ICSE Coaching Centre | Crash Courses for board classes In Dehradun,http://www.flyingeagles.co.in/,"117/1 , Goyal Plaza , Top Floor , PNB Bank, Rajpur Rd, Jakhan, Dehradun, Uttarakhand 248195, India",+91 74170 51671,info@flyingeagles.co.in
VEC the education hub,,"Shop no. 19, Vec the education hub, near nayara petrol pump sai fules, opposite MDDA Building, Darshan Lal Chowk, Race Course, Dehradun, Uttarakhand 248001, India",+91 78957 07060,
Him Jyoti School- Middle Wing,https://himjyotivocationalinstitute.org/web/admission/,"Danda Nooriwal, Sahastradhara Rd, Dehradun, Uttarakhand 248013, India",+91 135 260 8209,
"Rao's Career Institute, Dehradun",https://raoscareerinstitute.classx.co.in/,"82J6+Q8G, General Mahadev Singh Rd, Ballupur Chowk, Mohit Nagar, Dehradun, Uttarakhand 248006, India",+91 89498 45433,
"Physics Wallah Vidyapeeth Coaching Center Dehradun | IIT JEE, NEET & Foundation Classes",https://www.pw.live/,"St. Joseph Academy, 3/5 Mahant Laxman Das Road, Rajpur Rd, near Ashtley Hall, Besides, Dehradun, Uttarakhand 248001, India",+91 74288 90305,support@pw.live
Foundation Computer Institute | Foundation Group of Education,https://foundationcomputer.netlify.app/,"Tyagi Market, Prem Nagar, Dehradun, Shahpur Santore, Uttarakhand 248007, India",+91 98970 04153,foundationcomputerdehradun@gmail.com
Institute of Learning & Development,,"83V6+249, Rajpur Rd, Hathibarkala Salwala, Dehradun, Uttarakhand 248001, India",+91 135 274 4333,
IHM EDUCATION - Best Hotel Management Institute In Dehradun,http://www.ihmeducation.com/,"32, Preeti Enclave, near ICICI BANK, Sewla Kalan, Majra, Dehradun, Shewala Kala, Uttarakhand 248171, India",+91 70881 11666,ihmedu@gmail.com
(SIPCo) Sadhana Institute of Professional Courses | Best digital marketing institute in Dehradun | Best paramedical courses,https://sipcoinstitute.com/,"183/162, Chakrata Road, Yamuna Colony Road, opposite Doon School, Dehradun, Uttarakhand 248001, India",+91 86868 08981,
UNIYAL COACHING INSTITUTE,https://uniyal-coaching-institute.business.site/?utm_source=gmb&utm_medium=referral,"chowk, near badripur, Jogiwala, Badripur, Dehradun, Uttarakhand 248005, India",,
The Classes - IIT/JEE - NEET Coaching Institute in Dehradun,https://theclasses.in/,"446, Rajpur Rd, adjacent Ess honda, Hathibarkala Salwala, Dehradun, Uttarakhand 248001, India",+91 90681 85772,info@theclasses.in
Edu Dictionary,https://www.edudictionary.com/,"YK House, Mothorowala Rd, near Jain Property, Banjarawala, Dehradun, Uttarakhand 248001, India",+91 74548 16699,edudictionary@gmail.com
Nalanda College Of Education,,"Haridwar Road Near Canara Bank ATM Tiraha Miyanwala Chowk, Dehradun, Uttarakhand 248008, India",+91 97609 75309,
"Dayalbagh Educational Institute Study Center, Dehradun",,"8374+W5W, Nemi Rd, Panchpuri Colony, Dalanwala, Dehradun, Uttarakhand 248001, India",+91 98370 72361,
"Shree Dev Bhoomi Institute of Education Science and Technology, Dehradun",https://sdbidoon.com/,"Pondha Rd, Majhaun, Uttarakhand 248007, India",+91 78958 00800,sdbituk@gmail.com
Free Education Institute,,"72Q6+277, Ambala-Dehradun-Rishikesh Rd, Morowala, Clement Town, Dehradun, Uttarakhand 248002, India",,
Blue Mountains College Of Teachers Education,,"933H+WH2, Sahastradhara Rd, Govind Nagar, Aman Vihar, Dehradun, Uttarakhand 248001, India",+91 135 260 8128,
"JMDi Academy - Best Merchant Navy Institute in Dehradun, India | Best IMU CET Coaching | IMU DNS Course",https://www.jmdiacademy.com/,"JMDi Academy, Alaknanda Tower, Chowk, opposite Palm City Pathribagh, Vidya Vihar, Brahmanwala, Dehradun, Uttarakhand 248121, India",+91 90512 06790,jmdidehradun@gmail.com
Lal Bahadur Shastri Training Institute,https://computer-training-institute-in-dehradun.business.site/?utm_source=gmb&utm_medium=referral,"Kargi Chowk Kargi - Patel Nagar Bypass, Road, Badrish Vihar, Kargi, Dehradun, Uttarakhand 248001, India",+91 94113 50077,
KIM INDIA INSTITUTE,http://www.kimindiainstitute.in/,"First Floor, Bansal Home, PNB Vihar, Majra, Dehradun, Shewala Kala, Uttarakhand 248178, India",+91 91493 29191,
"EduPorm Educational Services: Best educational website, app & digital marketing.",http://www.yuvaangurukul.com/,"Lane Number 01, Pratimayan Chowk, Lower Nathanpur Rd, Unnati Vihar, Mohkampur, Dehradun, Uttarakhand 248001, India",+91 95575 64442,official.yuvaantrust@gmail.com
Saarthi education hub,,"2nd floor, 32Preeti Enclave, Shimla Bypass Rd, near ICICI bank, Sewla Kalan, Majra, Shewala Kala, Uttarakhand 248171, India",+91 95574 82500,
"Deepanksha - Best IIT, JEE, NEET & Foundation Coaching Classes in Dehradun",http://www.deepanksha.com/,"1st Floor Pawar's Complex, Mothrawala Road, Bangali Kothi Chowk, Dehradun, Uttarakhand 248121, India",+91 95484 76556,infodeepanksha@gmail.com
Adapting Education Center,https://adapting-education-center.business.site/,"1064/2, General Mahadev Singh Rd, Vyomprasth, Shakti Enclave, Kanwali, Dehradun, Uttarakhand 248146, India",,
Sarthi classes - Coaching institute in Dehradun,https://sarthiclasses.com/,"28, Indira Nagar Colony Rd, Vasant Vihar, Raj Vihar, Balliwala, Dehradun, Uttarakhand 248001, India",+91 80778 15001,sarthiclasses.dun@gmail.com
Spectrum Eduventures,http://www.spectrumeduventures.com/,"48, Haridwar Rd, above Canara Bank, beside Arihant Hospital, Shastri Nagar, Ajabpur Kalan, Dehradun, Uttarakhand 248001, India",,info@spectrumeduventures.com
GEORGE EDU. DEFENCE INSTITUTE - BEST & OLDEST INSTITUTE IN DEHRADUN- RIMC SAINIK SCHOOL NDA CDS OTA,https://george-education-institute-sainik-rimc-military.business.site/,"Opp RIMC Gate, Nimbuwala, Garhi Cantt, Dehradun, Uttarakhand 248003, India",+91 98370 51575,
Gyani Inder Singh Institute of Professional Studies,http://www.gisips.com/,"Near Dehradun Zoo, P.O. Sinola, Uttarakhand 248003, India",+91 98976 09594,info@gisips.com
श्री EDUCATION,,"First floor, Daya Palace, opp. Chanchal Dairy& sweets, Nehru Colony, Dehradun, Uttarakhand 248001, India",,
Unacademy Centre - Dehradun,https://unacademy.com/goal/jee-neet-coaching/JVITK/centre/Dehradun-Centre/0D0HZN0G1C,"First Floor, 59 D, Rajpur Rd, opposite Uttarakhand Secretariat, Dobhalwala, Chukkuwala, Dehradun, Uttarakhand 248001, India",+91 88827 36630,press@unacademy.com
MANAS STUDIES | NEET Coaching In Dehradun | IIT-JEE Coaching In Dehradun | Foundation Courses | Boards Preparation,,"Kaulagarh Rd, Rajender Nagar, Dehradun, Uttarakhand 248001, India",+91 98372 29049,
Aalam Sir Academy - best SSC coaching institute in dehradun,,"DBS PG College, Near, 8, Cement Rd, near DBS COLLEGE, Block II, Karanpur, Dehradun, Uttarakhand 248001, India",,
Digital Marketing Course in Dehradun,,"Post Office, 20, 1st Floor, G.M.S Road, Maharani Bagh Ln, Forest Research Institute, Dehradun, Uttarakhand 248006, India",+91 84497 38227,
Institute for Educational Leadership: School for Mass Communication,http://www.ielindia.in/,"49, Subhash Rd, Race Course, Dehradun, Uttarakhand 248001, India",+91 97562 02706,iellimitedamd@gmail.com
GYAN INSTITUTE OF EDUCATION,https://gyan-institute-of-education.business.site/?utm_source=gmb&utm_medium=referral,"Kashyap colony , Premnagar Road, opposite Kashyap Gen Store, 248007, India",,
Allen Career Institute,https://www.allen.ac.in/?utm_source=Organic&utm_medium=GMB,"Shop No. 21 (G.F, Shiva Shopping Complex, 57, Rajpur Rd, Bhel Chowk, Dobhalwala, Chukkuwala, Dehradun, Uttarakhand 248001, India",+91 83068 13444,info@allen.in
Doon Ace Classes -||Best SSC coaching in dehradun||Best Banking coaching in dehradun||Railway coaching near me||,https://doonaceclass.com/,"Shop No. 110,111, Premier Shopping Complex, Kaulagarh Rd, Rajender Nagar, Dehradun, Uttarakhand 248001, India",+91 80066 26161,mailaceacademy@gmail.com
HIT Dehradun Colleges of Hotel Management l BBA l BCA l BSc IT l Agriculture l BCom l Himalayan Institute of Technology,https://hitdoon.com/,"Haridwar Rd, near Central Excise office, C Block, Danda Dharampur, Dharampur, Dehradun, Uttarakhand 248001, India",+91 70303 33365,hitdoon@gmail.com
Pestleweed College | BA | BSc | B.Com | B.Ed | M.Ed Courses in Dehradun,https://pestleweedcollege.com/,"93VG+78C, Mussoorie, Diversion Road, Dehradun, Uttarakhand 248009, India",+91 97600 99309,pwcitddun@gmail.com
"MAAC Dehradun - BEST ANIMATION, VFX, Video Editing, Multimedia & Graphics Designing Course Institute in dehradun",https://maacdehradun.com/,"MVN TOWER, Ballupur Rd, near KFC, Adarsh Nagar, Deeplok Colony, Khurbura Mohalla, Dehradun, Uttarakhand 248001, India",+91 82856 24922,dehradun@maacmail.com
ICA Edu Skills | Dehradun,https://www.icajobguarantee.com/centers/ec-road-dehradun?utm_campaign=Google-Listing&utm_source=Local_SEO,"Ground Floor, 24/2, EC Road, near S.K memorial hospital, Irigation Colony, Karanpur, Dehradun, Uttarakhand 248001, India",+91 87550 20990,crm@icagroup.in
Narsee Monjee Institute of Management Studies University (NMIMS) Dehradun,,"2nd Floor, ABC Business Club, Chakrata Rd, Clock Tower, Connaught Place, Dehradun, Uttarakhand 248001, India",,
Alpine group of Institutes,https://alpinecollege.edu.in/,"Chakrata Rd, Nanda Ki Chowki, Prem Nagar, Dehradun, Kolhupani, Uttarakhand 248007, India",+91 87917 91791,admissions@alpinecollege.edu.in
NARAYANA IIT-JEE/NEET/FOUNDATION - DEHRADUN,https://www.narayanacoachingcenters.in/landingpage.php?branch=DEHRADUN,"K. C. ARCADE Complex, 3rd Floor, General Mahadev Singh Rd, above TVS Show Room, near Ballupur Chowk, Dehradun, Uttarakhand 248001, India",+91 92892 94722,info@narayanagroup.com
SAI GROUP OF INSTITUTIONS,https://www.sipasddn.com/,"26 A, Rajpur Rd, adjacent to Hotel Meedo Grand, Karanpur, Dehradun, Uttarakhand 248001, India",+91 81939 36666,info@sipasddn.com
"American Institute of English Language Pvt Ltd ,A 162 Nehru Colony, Dehradun",https://american-institute-of-english.business.site/?utm_source=gmb&utm_medium=referral,"A162, near PNB, opposite Bull's Gym, Nehru Colony, Dharampur, Dehradun, Uttarakhand 248001, India",+91 99272 16979,
"Nation's Pride Institute, Dehradun",,"104, 82, Laxmi Rd, Dharampur, Dehradun, Uttarakhand 248001, India",+91 70600 66969,
Moravian Institute,http://moravianinstitute.com/,"93XQ+W99, Kairwaan Gaon, Thanigaon, Uttarakhand 248009, India",+91 135 273 4358,
Knowledge Tree Institute of Professional Studies,,"72QR+GMV, Bangali Kothi Chowk, Doon University, Doon University Rd, Ajabpur Khurd, Dehradun, Uttarakhand 248001, India",+91 97601 92001,
Dehradun Colleges,https://dehraduncolleges.com/,"444, General Mahadev Singh Rd, Balliwala Chowk, Shakti Enclave, Kaonli, Dehradun, Uttarakhand 248001, India",,dehraduncolleges@gmail.com
Shivalik Institute Of Education And Consultancy,,"108, Haridwar Rd, Nehru Colony, Drone Puri, Dharampur, Dehradun, Uttarakhand 248001, India",,
Hello Institute-English Speaking/Best Ielts Coaching Institute/Ielts Classes Dehradun,https://www.helloinstitute.com/,"Nehru Colony Rd, near HIM PALACE hotel, above Samsung Showroom, Drone Puri, Dharampur, Dehradun, Uttarakhand 248001, India",+91 78302 22288,info@helloinstitute.com
Rosemounts Institute Best For IELTS & English,https://rosemounts.org/,"Amarshahid Anand Colony, Race Course, Dehradun, Uttarakhand 248001, India",+91 73022 22330,info@rosemounts.org
Education Academy,,"Above Samsung & Liberty Showroom, Saket Colony, Dharampur, Dehradun, Uttarakhand 248001, India",+91 97604 00321,
V R classes,http://www.vrclasses.org.in/,"Nalapani Chowk, opposite Hilling Touch Hospital, Kanan Kunj, Kewal Vihar, Aamwala, Dehradun, Uttarakhand 248001, India",+91 82186 76063,info@vrclasses.org.in
Make Me Teacher,,"Laxmi Navraj Plaza Dakra Bazar, Garhi Cantt Landmark :, Dakra Rd, near St. George's Academy, Dehradun, Uttarakhand 248003, India",+91 80775 52874,
Python Training Course in Dehradun - GIIT,,"Top floor, GIIT Institute, opp. DBS college, Block II, Chironwali, Dehradun, Uttarakhand 248001, India",,
ISPL Academy,https://isplacademy.com/,"General Mahadev Singh Rd, opp. Engineers Enclave, Shanti Vihar, Kaonli, Dehradun, Uttarakhand 248001, India",+91 99974 11884,training@isplacademy.com
F C I Institute of Management,http://www.fciddn.in/,"Euro kids school, 14/1 Old survey road, lane, opposite bhaghirath apartments, Dehradun, Uttarakhand 248001, India",,principal@fciddn.in
Dev Bhoomi Institute,https://dbgidoon.ac.in/,"104, EC Road, Race Course, Dehradun, Uttarakhand 248001, India",+91 20 2228 5887,info@dbuu.ac.in
Uttaranchal College of Education - B.Ed College Dehradun,http://ucesubharti.com/,"Nanda Ki Chowki, Prem Nagar, Dehradun, Kolhupani, Uttarakhand 248001, India",+91 76175 85561,
ENSINO RESEARCH AND DEVELOPMENT PRIVATE LIMITED,http://www.ensino.in/,"144, Usha Complex, General Mahadev Singh Rd, opposite Akash Institute, Ballupur Chowk, Satya Vihar, Ballupur, Dehradun, Uttarakhand 248001, India",+91 74097 07154,info@ensino.in
UIHMT Group of Colleges,http://uihmt.in/,"Garh Vihar Phase 2 Opp IIP Gate No 2, Mohkam Pur Kala, Uttarakhand 248005, India",+91 90124 90007,uihmtddun@gmail.com
NDA Coaching Institute Dehradun - best nda coaching in dehradun | nda foundation | cds coaching | ssb coaching,https://defence-institute-dehradun-best-nda.business.site/?utm_source=gmb&utm_medium=referral,"Rajpur Rd, Hathibarkala, Dehradun, Uttarakhand 248001, India",+91 87558 07991,
Sindhwal Classes/best neet coaching/no. 1 neet coaching/top neet coaching centre in dehradun,https://www.sindhwalclasses.com/contact-us-best-coaching-academy,"2nd floor, 1, DL Rd, Block II, Karanpur, Dehradun, Uttarakhand 248001, India",+91 82797 44589,info.sindhwalclasses@gmail.com
"​​Caromseed - Interview Preparation for Jobs, College Admissions & CAT/ XAT, Resume/ CV, College Applications, Spoken English",,"34, Lane, C19A, Turner Rd, Dehradun, Uttarakhand 248002, India",+91 80771 64674,
Highbrow Education | Spoken English | IELTS | TOEFL | PTE | KET,https://highbroweducation.com/,"2nd Floor, 196/1, AB Tower, Ballupur Chowk, Ram Vihar, Ballupur, Dehradun, Uttarakhand 248001, India",+91 97590 07622,info@highbroweducation.com
"SDHMCT, Shakutala Institute",,"72PF+PG9, Near Brahmanwala Chowk Haridwar By-pass, Road, Dehradun, Uttarakhand 248001, India",+91 135 272 7020,
Shri vinayak institute of hospitality management and technology,,"Pancholi Tower, near pant department store, Vidya Vihar, Narayan Vihar, Brahmanwala, Dehradun, Uttarakhand 248001, India",,
Skillability (Educational Institute for Skills & Life Skills,http://www.aasraatrust.org/,"83HJ+2RG, Tapovan Ashram Rd, Ladpur, Dehradun, Nanur Khera, Uttarakhand 248008, India",,
IMS UNISON UNIVERSITY,http://www.iuu.ac/,"Makkawala Greens Mussoorie, Diversion Road, Dehradun, Uttarakhand 248009, India",+91 135 715 5000,admission@iuu.ac
KOTA CAREER CLASSES,,"48B, New Colony, General Mahadev Singh Rd, Ballupur Chowk, Satya Vihar, Ballupur, Dehradun, Uttarakhand 248001, India",+91 97594 87745,
Edify Classes,,"6, Street 1 Viveka Nand Gram-Phase-II, Jogiwala, Dehradun, Uttarakhand 248005, India",+91 82185 20900,
Institute Of Distance Learning,,"72QF+XWF, Kargi - Patel Nagar Bypass, Brahmanwala, Dehradun, Uttarakhand 248121, India",,